,MAE,RMSE,R²
Train,14.436794703982928,370.0533456748964,0.8044227907026582
Dev,18.9351762993552,242.78337605295152,0.9455621311329867
Test,16.458053451831557,225.94110351230069,0.887498551031709
