Model,Train MAE,Test MAE,Train RMSE,Test RMSE,Train R²,Test R²
Ridge Regression,64.28532434180599,76.29086884898895,766.4511422374231,763.1443378190992,0.17799958005294647,0.21875320089049866
Lasso Regression,64.28953286105362,76.2961553113143,766.4511413139467,763.1447952855739,0.17799958203375899,0.21875226425424665
Random Forest,3.1107617053351597,6.039768823786984,136.2851781781752,165.5728484264055,0.9740103554150502,0.9632249629608819
Gradient Boosting,0.11914338860727967,5.162507143733384,2.2465879078344164,146.99607799328805,0.9999929376388601,0.971014127781098
LightGBM,12.97210444766657,18.252210070806452,392.51285407660606,337.8836485938271,0.7844188148187735,0.846852740822774
